Image,Mask
D:\challenge\data\ATLASR2.0\process\train/Image/0.npy,D:\challenge\data\ATLASR2.0\process\train/Mask/0.npy
D:\challenge\data\ATLASR2.0\process\train/Image/1.npy,D:\challenge\data\ATLASR2.0\process\train/Mask/1.npy
D:\challenge\data\ATLASR2.0\process\train/Image/10.npy,D:\challenge\data\ATLASR2.0\process\train/Mask/10.npy
D:\challenge\data\ATLASR2.0\process\train/Image/100.npy,D:\challenge\data\ATLASR2.0\process\train/Mask/100.npy
D:\challenge\data\ATLASR2.0\process\train/Image/101.npy,D:\challenge\data\ATLASR2.0\process\train/Mask/101.npy
D:\challenge\data\ATLASR2.0\process\train/Image/102.npy,D:\challenge\data\ATLASR2.0\process\train/Mask/102.npy
D:\challenge\data\ATLASR2.0\process\train/Image/103.npy,D:\challenge\data\ATLASR2.0\process\train/Mask/103.npy
D:\challenge\data\ATLASR2.0\process\train/Image/104.npy,D:\challenge\data\ATLASR2.0\process\train/Mask/104.npy
D:\challenge\data\ATLASR2.0\process\train/Image/105.npy,D:\challenge\data\ATLASR2.0\process\train/Mask/105.npy
D:\challenge\data\ATLASR2.0\process\train/Image/106.npy,D:\challenge\data\ATLASR2.0\process\train/Mask/106.npy
D:\challenge\data\ATLASR2.0\process\train/Image/107.npy,D:\challenge\data\ATLASR2.0\process\train/Mask/107.npy
D:\challenge\data\ATLASR2.0\process\train/Image/108.npy,D:\challenge\data\ATLASR2.0\process\train/Mask/108.npy
D:\challenge\data\ATLASR2.0\process\train/Image/109.npy,D:\challenge\data\ATLASR2.0\process\train/Mask/109.npy
D:\challenge\data\ATLASR2.0\process\train/Image/11.npy,D:\challenge\data\ATLASR2.0\process\train/Mask/11.npy
D:\challenge\data\ATLASR2.0\process\train/Image/110.npy,D:\challenge\data\ATLASR2.0\process\train/Mask/110.npy
D:\challenge\data\ATLASR2.0\process\train/Image/111.npy,D:\challenge\data\ATLASR2.0\process\train/Mask/111.npy
D:\challenge\data\ATLASR2.0\process\train/Image/112.npy,D:\challenge\data\ATLASR2.0\process\train/Mask/112.npy
D:\challenge\data\ATLASR2.0\process\train/Image/113.npy,D:\challenge\data\ATLASR2.0\process\train/Mask/113.npy
D:\challenge\data\ATLASR2.0\process\train/Image/114.npy,D:\challenge\data\ATLASR2.0\process\train/Mask/114.npy
D:\challenge\data\ATLASR2.0\process\train/Image/115.npy,D:\challenge\data\ATLASR2.0\process\train/Mask/115.npy
D:\challenge\data\ATLASR2.0\process\train/Image/116.npy,D:\challenge\data\ATLASR2.0\process\train/Mask/116.npy
D:\challenge\data\ATLASR2.0\process\train/Image/117.npy,D:\challenge\data\ATLASR2.0\process\train/Mask/117.npy
D:\challenge\data\ATLASR2.0\process\train/Image/118.npy,D:\challenge\data\ATLASR2.0\process\train/Mask/118.npy
D:\challenge\data\ATLASR2.0\process\train/Image/119.npy,D:\challenge\data\ATLASR2.0\process\train/Mask/119.npy
D:\challenge\data\ATLASR2.0\process\train/Image/12.npy,D:\challenge\data\ATLASR2.0\process\train/Mask/12.npy
D:\challenge\data\ATLASR2.0\process\train/Image/120.npy,D:\challenge\data\ATLASR2.0\process\train/Mask/120.npy
D:\challenge\data\ATLASR2.0\process\train/Image/121.npy,D:\challenge\data\ATLASR2.0\process\train/Mask/121.npy
D:\challenge\data\ATLASR2.0\process\train/Image/122.npy,D:\challenge\data\ATLASR2.0\process\train/Mask/122.npy
D:\challenge\data\ATLASR2.0\process\train/Image/123.npy,D:\challenge\data\ATLASR2.0\process\train/Mask/123.npy
D:\challenge\data\ATLASR2.0\process\train/Image/124.npy,D:\challenge\data\ATLASR2.0\process\train/Mask/124.npy
D:\challenge\data\ATLASR2.0\process\train/Image/125.npy,D:\challenge\data\ATLASR2.0\process\train/Mask/125.npy
D:\challenge\data\ATLASR2.0\process\train/Image/126.npy,D:\challenge\data\ATLASR2.0\process\train/Mask/126.npy
D:\challenge\data\ATLASR2.0\process\train/Image/127.npy,D:\challenge\data\ATLASR2.0\process\train/Mask/127.npy
D:\challenge\data\ATLASR2.0\process\train/Image/128.npy,D:\challenge\data\ATLASR2.0\process\train/Mask/128.npy
D:\challenge\data\ATLASR2.0\process\train/Image/129.npy,D:\challenge\data\ATLASR2.0\process\train/Mask/129.npy
D:\challenge\data\ATLASR2.0\process\train/Image/13.npy,D:\challenge\data\ATLASR2.0\process\train/Mask/13.npy
D:\challenge\data\ATLASR2.0\process\train/Image/130.npy,D:\challenge\data\ATLASR2.0\process\train/Mask/130.npy
D:\challenge\data\ATLASR2.0\process\train/Image/131.npy,D:\challenge\data\ATLASR2.0\process\train/Mask/131.npy
D:\challenge\data\ATLASR2.0\process\train/Image/132.npy,D:\challenge\data\ATLASR2.0\process\train/Mask/132.npy
D:\challenge\data\ATLASR2.0\process\train/Image/133.npy,D:\challenge\data\ATLASR2.0\process\train/Mask/133.npy
D:\challenge\data\ATLASR2.0\process\train/Image/134.npy,D:\challenge\data\ATLASR2.0\process\train/Mask/134.npy
D:\challenge\data\ATLASR2.0\process\train/Image/135.npy,D:\challenge\data\ATLASR2.0\process\train/Mask/135.npy
D:\challenge\data\ATLASR2.0\process\train/Image/136.npy,D:\challenge\data\ATLASR2.0\process\train/Mask/136.npy
D:\challenge\data\ATLASR2.0\process\train/Image/137.npy,D:\challenge\data\ATLASR2.0\process\train/Mask/137.npy
D:\challenge\data\ATLASR2.0\process\train/Image/138.npy,D:\challenge\data\ATLASR2.0\process\train/Mask/138.npy
D:\challenge\data\ATLASR2.0\process\train/Image/139.npy,D:\challenge\data\ATLASR2.0\process\train/Mask/139.npy
D:\challenge\data\ATLASR2.0\process\train/Image/14.npy,D:\challenge\data\ATLASR2.0\process\train/Mask/14.npy
D:\challenge\data\ATLASR2.0\process\train/Image/140.npy,D:\challenge\data\ATLASR2.0\process\train/Mask/140.npy
D:\challenge\data\ATLASR2.0\process\train/Image/141.npy,D:\challenge\data\ATLASR2.0\process\train/Mask/141.npy
D:\challenge\data\ATLASR2.0\process\train/Image/142.npy,D:\challenge\data\ATLASR2.0\process\train/Mask/142.npy
D:\challenge\data\ATLASR2.0\process\train/Image/143.npy,D:\challenge\data\ATLASR2.0\process\train/Mask/143.npy
D:\challenge\data\ATLASR2.0\process\train/Image/144.npy,D:\challenge\data\ATLASR2.0\process\train/Mask/144.npy
D:\challenge\data\ATLASR2.0\process\train/Image/145.npy,D:\challenge\data\ATLASR2.0\process\train/Mask/145.npy
D:\challenge\data\ATLASR2.0\process\train/Image/146.npy,D:\challenge\data\ATLASR2.0\process\train/Mask/146.npy
D:\challenge\data\ATLASR2.0\process\train/Image/147.npy,D:\challenge\data\ATLASR2.0\process\train/Mask/147.npy
D:\challenge\data\ATLASR2.0\process\train/Image/148.npy,D:\challenge\data\ATLASR2.0\process\train/Mask/148.npy
D:\challenge\data\ATLASR2.0\process\train/Image/149.npy,D:\challenge\data\ATLASR2.0\process\train/Mask/149.npy
D:\challenge\data\ATLASR2.0\process\train/Image/15.npy,D:\challenge\data\ATLASR2.0\process\train/Mask/15.npy
D:\challenge\data\ATLASR2.0\process\train/Image/150.npy,D:\challenge\data\ATLASR2.0\process\train/Mask/150.npy
D:\challenge\data\ATLASR2.0\process\train/Image/151.npy,D:\challenge\data\ATLASR2.0\process\train/Mask/151.npy
D:\challenge\data\ATLASR2.0\process\train/Image/152.npy,D:\challenge\data\ATLASR2.0\process\train/Mask/152.npy
D:\challenge\data\ATLASR2.0\process\train/Image/153.npy,D:\challenge\data\ATLASR2.0\process\train/Mask/153.npy
D:\challenge\data\ATLASR2.0\process\train/Image/154.npy,D:\challenge\data\ATLASR2.0\process\train/Mask/154.npy
D:\challenge\data\ATLASR2.0\process\train/Image/155.npy,D:\challenge\data\ATLASR2.0\process\train/Mask/155.npy
D:\challenge\data\ATLASR2.0\process\train/Image/156.npy,D:\challenge\data\ATLASR2.0\process\train/Mask/156.npy
D:\challenge\data\ATLASR2.0\process\train/Image/157.npy,D:\challenge\data\ATLASR2.0\process\train/Mask/157.npy
D:\challenge\data\ATLASR2.0\process\train/Image/158.npy,D:\challenge\data\ATLASR2.0\process\train/Mask/158.npy
D:\challenge\data\ATLASR2.0\process\train/Image/159.npy,D:\challenge\data\ATLASR2.0\process\train/Mask/159.npy
D:\challenge\data\ATLASR2.0\process\train/Image/16.npy,D:\challenge\data\ATLASR2.0\process\train/Mask/16.npy
D:\challenge\data\ATLASR2.0\process\train/Image/160.npy,D:\challenge\data\ATLASR2.0\process\train/Mask/160.npy
D:\challenge\data\ATLASR2.0\process\train/Image/161.npy,D:\challenge\data\ATLASR2.0\process\train/Mask/161.npy
D:\challenge\data\ATLASR2.0\process\train/Image/162.npy,D:\challenge\data\ATLASR2.0\process\train/Mask/162.npy
D:\challenge\data\ATLASR2.0\process\train/Image/163.npy,D:\challenge\data\ATLASR2.0\process\train/Mask/163.npy
D:\challenge\data\ATLASR2.0\process\train/Image/164.npy,D:\challenge\data\ATLASR2.0\process\train/Mask/164.npy
D:\challenge\data\ATLASR2.0\process\train/Image/165.npy,D:\challenge\data\ATLASR2.0\process\train/Mask/165.npy
D:\challenge\data\ATLASR2.0\process\train/Image/166.npy,D:\challenge\data\ATLASR2.0\process\train/Mask/166.npy
D:\challenge\data\ATLASR2.0\process\train/Image/167.npy,D:\challenge\data\ATLASR2.0\process\train/Mask/167.npy
D:\challenge\data\ATLASR2.0\process\train/Image/168.npy,D:\challenge\data\ATLASR2.0\process\train/Mask/168.npy
D:\challenge\data\ATLASR2.0\process\train/Image/169.npy,D:\challenge\data\ATLASR2.0\process\train/Mask/169.npy
D:\challenge\data\ATLASR2.0\process\train/Image/17.npy,D:\challenge\data\ATLASR2.0\process\train/Mask/17.npy
D:\challenge\data\ATLASR2.0\process\train/Image/170.npy,D:\challenge\data\ATLASR2.0\process\train/Mask/170.npy
D:\challenge\data\ATLASR2.0\process\train/Image/171.npy,D:\challenge\data\ATLASR2.0\process\train/Mask/171.npy
D:\challenge\data\ATLASR2.0\process\train/Image/172.npy,D:\challenge\data\ATLASR2.0\process\train/Mask/172.npy
D:\challenge\data\ATLASR2.0\process\train/Image/173.npy,D:\challenge\data\ATLASR2.0\process\train/Mask/173.npy
D:\challenge\data\ATLASR2.0\process\train/Image/174.npy,D:\challenge\data\ATLASR2.0\process\train/Mask/174.npy
D:\challenge\data\ATLASR2.0\process\train/Image/175.npy,D:\challenge\data\ATLASR2.0\process\train/Mask/175.npy
D:\challenge\data\ATLASR2.0\process\train/Image/176.npy,D:\challenge\data\ATLASR2.0\process\train/Mask/176.npy
D:\challenge\data\ATLASR2.0\process\train/Image/177.npy,D:\challenge\data\ATLASR2.0\process\train/Mask/177.npy
D:\challenge\data\ATLASR2.0\process\train/Image/178.npy,D:\challenge\data\ATLASR2.0\process\train/Mask/178.npy
D:\challenge\data\ATLASR2.0\process\train/Image/179.npy,D:\challenge\data\ATLASR2.0\process\train/Mask/179.npy
D:\challenge\data\ATLASR2.0\process\train/Image/18.npy,D:\challenge\data\ATLASR2.0\process\train/Mask/18.npy
D:\challenge\data\ATLASR2.0\process\train/Image/180.npy,D:\challenge\data\ATLASR2.0\process\train/Mask/180.npy
D:\challenge\data\ATLASR2.0\process\train/Image/181.npy,D:\challenge\data\ATLASR2.0\process\train/Mask/181.npy
D:\challenge\data\ATLASR2.0\process\train/Image/182.npy,D:\challenge\data\ATLASR2.0\process\train/Mask/182.npy
D:\challenge\data\ATLASR2.0\process\train/Image/183.npy,D:\challenge\data\ATLASR2.0\process\train/Mask/183.npy
D:\challenge\data\ATLASR2.0\process\train/Image/184.npy,D:\challenge\data\ATLASR2.0\process\train/Mask/184.npy
D:\challenge\data\ATLASR2.0\process\train/Image/185.npy,D:\challenge\data\ATLASR2.0\process\train/Mask/185.npy
D:\challenge\data\ATLASR2.0\process\train/Image/186.npy,D:\challenge\data\ATLASR2.0\process\train/Mask/186.npy
D:\challenge\data\ATLASR2.0\process\train/Image/187.npy,D:\challenge\data\ATLASR2.0\process\train/Mask/187.npy
D:\challenge\data\ATLASR2.0\process\train/Image/188.npy,D:\challenge\data\ATLASR2.0\process\train/Mask/188.npy
D:\challenge\data\ATLASR2.0\process\train/Image/189.npy,D:\challenge\data\ATLASR2.0\process\train/Mask/189.npy
D:\challenge\data\ATLASR2.0\process\train/Image/19.npy,D:\challenge\data\ATLASR2.0\process\train/Mask/19.npy
D:\challenge\data\ATLASR2.0\process\train/Image/190.npy,D:\challenge\data\ATLASR2.0\process\train/Mask/190.npy
D:\challenge\data\ATLASR2.0\process\train/Image/191.npy,D:\challenge\data\ATLASR2.0\process\train/Mask/191.npy
D:\challenge\data\ATLASR2.0\process\train/Image/192.npy,D:\challenge\data\ATLASR2.0\process\train/Mask/192.npy
D:\challenge\data\ATLASR2.0\process\train/Image/193.npy,D:\challenge\data\ATLASR2.0\process\train/Mask/193.npy
D:\challenge\data\ATLASR2.0\process\train/Image/194.npy,D:\challenge\data\ATLASR2.0\process\train/Mask/194.npy
D:\challenge\data\ATLASR2.0\process\train/Image/195.npy,D:\challenge\data\ATLASR2.0\process\train/Mask/195.npy
D:\challenge\data\ATLASR2.0\process\train/Image/196.npy,D:\challenge\data\ATLASR2.0\process\train/Mask/196.npy
D:\challenge\data\ATLASR2.0\process\train/Image/197.npy,D:\challenge\data\ATLASR2.0\process\train/Mask/197.npy
D:\challenge\data\ATLASR2.0\process\train/Image/198.npy,D:\challenge\data\ATLASR2.0\process\train/Mask/198.npy
D:\challenge\data\ATLASR2.0\process\train/Image/199.npy,D:\challenge\data\ATLASR2.0\process\train/Mask/199.npy
D:\challenge\data\ATLASR2.0\process\train/Image/2.npy,D:\challenge\data\ATLASR2.0\process\train/Mask/2.npy
D:\challenge\data\ATLASR2.0\process\train/Image/20.npy,D:\challenge\data\ATLASR2.0\process\train/Mask/20.npy
D:\challenge\data\ATLASR2.0\process\train/Image/200.npy,D:\challenge\data\ATLASR2.0\process\train/Mask/200.npy
D:\challenge\data\ATLASR2.0\process\train/Image/201.npy,D:\challenge\data\ATLASR2.0\process\train/Mask/201.npy
D:\challenge\data\ATLASR2.0\process\train/Image/202.npy,D:\challenge\data\ATLASR2.0\process\train/Mask/202.npy
D:\challenge\data\ATLASR2.0\process\train/Image/203.npy,D:\challenge\data\ATLASR2.0\process\train/Mask/203.npy
D:\challenge\data\ATLASR2.0\process\train/Image/204.npy,D:\challenge\data\ATLASR2.0\process\train/Mask/204.npy
D:\challenge\data\ATLASR2.0\process\train/Image/205.npy,D:\challenge\data\ATLASR2.0\process\train/Mask/205.npy
D:\challenge\data\ATLASR2.0\process\train/Image/206.npy,D:\challenge\data\ATLASR2.0\process\train/Mask/206.npy
D:\challenge\data\ATLASR2.0\process\train/Image/207.npy,D:\challenge\data\ATLASR2.0\process\train/Mask/207.npy
D:\challenge\data\ATLASR2.0\process\train/Image/208.npy,D:\challenge\data\ATLASR2.0\process\train/Mask/208.npy
D:\challenge\data\ATLASR2.0\process\train/Image/209.npy,D:\challenge\data\ATLASR2.0\process\train/Mask/209.npy
D:\challenge\data\ATLASR2.0\process\train/Image/21.npy,D:\challenge\data\ATLASR2.0\process\train/Mask/21.npy
D:\challenge\data\ATLASR2.0\process\train/Image/210.npy,D:\challenge\data\ATLASR2.0\process\train/Mask/210.npy
D:\challenge\data\ATLASR2.0\process\train/Image/211.npy,D:\challenge\data\ATLASR2.0\process\train/Mask/211.npy
D:\challenge\data\ATLASR2.0\process\train/Image/212.npy,D:\challenge\data\ATLASR2.0\process\train/Mask/212.npy
D:\challenge\data\ATLASR2.0\process\train/Image/213.npy,D:\challenge\data\ATLASR2.0\process\train/Mask/213.npy
D:\challenge\data\ATLASR2.0\process\train/Image/214.npy,D:\challenge\data\ATLASR2.0\process\train/Mask/214.npy
D:\challenge\data\ATLASR2.0\process\train/Image/215.npy,D:\challenge\data\ATLASR2.0\process\train/Mask/215.npy
D:\challenge\data\ATLASR2.0\process\train/Image/216.npy,D:\challenge\data\ATLASR2.0\process\train/Mask/216.npy
D:\challenge\data\ATLASR2.0\process\train/Image/217.npy,D:\challenge\data\ATLASR2.0\process\train/Mask/217.npy
D:\challenge\data\ATLASR2.0\process\train/Image/218.npy,D:\challenge\data\ATLASR2.0\process\train/Mask/218.npy
D:\challenge\data\ATLASR2.0\process\train/Image/219.npy,D:\challenge\data\ATLASR2.0\process\train/Mask/219.npy
D:\challenge\data\ATLASR2.0\process\train/Image/22.npy,D:\challenge\data\ATLASR2.0\process\train/Mask/22.npy
D:\challenge\data\ATLASR2.0\process\train/Image/220.npy,D:\challenge\data\ATLASR2.0\process\train/Mask/220.npy
D:\challenge\data\ATLASR2.0\process\train/Image/221.npy,D:\challenge\data\ATLASR2.0\process\train/Mask/221.npy
D:\challenge\data\ATLASR2.0\process\train/Image/222.npy,D:\challenge\data\ATLASR2.0\process\train/Mask/222.npy
D:\challenge\data\ATLASR2.0\process\train/Image/223.npy,D:\challenge\data\ATLASR2.0\process\train/Mask/223.npy
D:\challenge\data\ATLASR2.0\process\train/Image/224.npy,D:\challenge\data\ATLASR2.0\process\train/Mask/224.npy
D:\challenge\data\ATLASR2.0\process\train/Image/225.npy,D:\challenge\data\ATLASR2.0\process\train/Mask/225.npy
D:\challenge\data\ATLASR2.0\process\train/Image/226.npy,D:\challenge\data\ATLASR2.0\process\train/Mask/226.npy
D:\challenge\data\ATLASR2.0\process\train/Image/227.npy,D:\challenge\data\ATLASR2.0\process\train/Mask/227.npy
D:\challenge\data\ATLASR2.0\process\train/Image/228.npy,D:\challenge\data\ATLASR2.0\process\train/Mask/228.npy
D:\challenge\data\ATLASR2.0\process\train/Image/229.npy,D:\challenge\data\ATLASR2.0\process\train/Mask/229.npy
D:\challenge\data\ATLASR2.0\process\train/Image/23.npy,D:\challenge\data\ATLASR2.0\process\train/Mask/23.npy
D:\challenge\data\ATLASR2.0\process\train/Image/230.npy,D:\challenge\data\ATLASR2.0\process\train/Mask/230.npy
D:\challenge\data\ATLASR2.0\process\train/Image/231.npy,D:\challenge\data\ATLASR2.0\process\train/Mask/231.npy
D:\challenge\data\ATLASR2.0\process\train/Image/232.npy,D:\challenge\data\ATLASR2.0\process\train/Mask/232.npy
D:\challenge\data\ATLASR2.0\process\train/Image/233.npy,D:\challenge\data\ATLASR2.0\process\train/Mask/233.npy
D:\challenge\data\ATLASR2.0\process\train/Image/234.npy,D:\challenge\data\ATLASR2.0\process\train/Mask/234.npy
D:\challenge\data\ATLASR2.0\process\train/Image/235.npy,D:\challenge\data\ATLASR2.0\process\train/Mask/235.npy
D:\challenge\data\ATLASR2.0\process\train/Image/236.npy,D:\challenge\data\ATLASR2.0\process\train/Mask/236.npy
D:\challenge\data\ATLASR2.0\process\train/Image/237.npy,D:\challenge\data\ATLASR2.0\process\train/Mask/237.npy
D:\challenge\data\ATLASR2.0\process\train/Image/238.npy,D:\challenge\data\ATLASR2.0\process\train/Mask/238.npy
D:\challenge\data\ATLASR2.0\process\train/Image/239.npy,D:\challenge\data\ATLASR2.0\process\train/Mask/239.npy
D:\challenge\data\ATLASR2.0\process\train/Image/24.npy,D:\challenge\data\ATLASR2.0\process\train/Mask/24.npy
D:\challenge\data\ATLASR2.0\process\train/Image/240.npy,D:\challenge\data\ATLASR2.0\process\train/Mask/240.npy
D:\challenge\data\ATLASR2.0\process\train/Image/241.npy,D:\challenge\data\ATLASR2.0\process\train/Mask/241.npy
D:\challenge\data\ATLASR2.0\process\train/Image/242.npy,D:\challenge\data\ATLASR2.0\process\train/Mask/242.npy
D:\challenge\data\ATLASR2.0\process\train/Image/243.npy,D:\challenge\data\ATLASR2.0\process\train/Mask/243.npy
D:\challenge\data\ATLASR2.0\process\train/Image/244.npy,D:\challenge\data\ATLASR2.0\process\train/Mask/244.npy
D:\challenge\data\ATLASR2.0\process\train/Image/245.npy,D:\challenge\data\ATLASR2.0\process\train/Mask/245.npy
D:\challenge\data\ATLASR2.0\process\train/Image/246.npy,D:\challenge\data\ATLASR2.0\process\train/Mask/246.npy
D:\challenge\data\ATLASR2.0\process\train/Image/247.npy,D:\challenge\data\ATLASR2.0\process\train/Mask/247.npy
D:\challenge\data\ATLASR2.0\process\train/Image/248.npy,D:\challenge\data\ATLASR2.0\process\train/Mask/248.npy
D:\challenge\data\ATLASR2.0\process\train/Image/249.npy,D:\challenge\data\ATLASR2.0\process\train/Mask/249.npy
D:\challenge\data\ATLASR2.0\process\train/Image/25.npy,D:\challenge\data\ATLASR2.0\process\train/Mask/25.npy
D:\challenge\data\ATLASR2.0\process\train/Image/250.npy,D:\challenge\data\ATLASR2.0\process\train/Mask/250.npy
D:\challenge\data\ATLASR2.0\process\train/Image/251.npy,D:\challenge\data\ATLASR2.0\process\train/Mask/251.npy
D:\challenge\data\ATLASR2.0\process\train/Image/252.npy,D:\challenge\data\ATLASR2.0\process\train/Mask/252.npy
D:\challenge\data\ATLASR2.0\process\train/Image/253.npy,D:\challenge\data\ATLASR2.0\process\train/Mask/253.npy
D:\challenge\data\ATLASR2.0\process\train/Image/254.npy,D:\challenge\data\ATLASR2.0\process\train/Mask/254.npy
D:\challenge\data\ATLASR2.0\process\train/Image/255.npy,D:\challenge\data\ATLASR2.0\process\train/Mask/255.npy
D:\challenge\data\ATLASR2.0\process\train/Image/256.npy,D:\challenge\data\ATLASR2.0\process\train/Mask/256.npy
D:\challenge\data\ATLASR2.0\process\train/Image/257.npy,D:\challenge\data\ATLASR2.0\process\train/Mask/257.npy
D:\challenge\data\ATLASR2.0\process\train/Image/258.npy,D:\challenge\data\ATLASR2.0\process\train/Mask/258.npy
D:\challenge\data\ATLASR2.0\process\train/Image/259.npy,D:\challenge\data\ATLASR2.0\process\train/Mask/259.npy
D:\challenge\data\ATLASR2.0\process\train/Image/26.npy,D:\challenge\data\ATLASR2.0\process\train/Mask/26.npy
D:\challenge\data\ATLASR2.0\process\train/Image/260.npy,D:\challenge\data\ATLASR2.0\process\train/Mask/260.npy
D:\challenge\data\ATLASR2.0\process\train/Image/261.npy,D:\challenge\data\ATLASR2.0\process\train/Mask/261.npy
D:\challenge\data\ATLASR2.0\process\train/Image/262.npy,D:\challenge\data\ATLASR2.0\process\train/Mask/262.npy
D:\challenge\data\ATLASR2.0\process\train/Image/263.npy,D:\challenge\data\ATLASR2.0\process\train/Mask/263.npy
D:\challenge\data\ATLASR2.0\process\train/Image/264.npy,D:\challenge\data\ATLASR2.0\process\train/Mask/264.npy
D:\challenge\data\ATLASR2.0\process\train/Image/265.npy,D:\challenge\data\ATLASR2.0\process\train/Mask/265.npy
D:\challenge\data\ATLASR2.0\process\train/Image/266.npy,D:\challenge\data\ATLASR2.0\process\train/Mask/266.npy
D:\challenge\data\ATLASR2.0\process\train/Image/267.npy,D:\challenge\data\ATLASR2.0\process\train/Mask/267.npy
D:\challenge\data\ATLASR2.0\process\train/Image/268.npy,D:\challenge\data\ATLASR2.0\process\train/Mask/268.npy
D:\challenge\data\ATLASR2.0\process\train/Image/269.npy,D:\challenge\data\ATLASR2.0\process\train/Mask/269.npy
D:\challenge\data\ATLASR2.0\process\train/Image/27.npy,D:\challenge\data\ATLASR2.0\process\train/Mask/27.npy
D:\challenge\data\ATLASR2.0\process\train/Image/270.npy,D:\challenge\data\ATLASR2.0\process\train/Mask/270.npy
D:\challenge\data\ATLASR2.0\process\train/Image/271.npy,D:\challenge\data\ATLASR2.0\process\train/Mask/271.npy
D:\challenge\data\ATLASR2.0\process\train/Image/272.npy,D:\challenge\data\ATLASR2.0\process\train/Mask/272.npy
D:\challenge\data\ATLASR2.0\process\train/Image/273.npy,D:\challenge\data\ATLASR2.0\process\train/Mask/273.npy
D:\challenge\data\ATLASR2.0\process\train/Image/274.npy,D:\challenge\data\ATLASR2.0\process\train/Mask/274.npy
D:\challenge\data\ATLASR2.0\process\train/Image/275.npy,D:\challenge\data\ATLASR2.0\process\train/Mask/275.npy
D:\challenge\data\ATLASR2.0\process\train/Image/276.npy,D:\challenge\data\ATLASR2.0\process\train/Mask/276.npy
D:\challenge\data\ATLASR2.0\process\train/Image/277.npy,D:\challenge\data\ATLASR2.0\process\train/Mask/277.npy
D:\challenge\data\ATLASR2.0\process\train/Image/278.npy,D:\challenge\data\ATLASR2.0\process\train/Mask/278.npy
D:\challenge\data\ATLASR2.0\process\train/Image/279.npy,D:\challenge\data\ATLASR2.0\process\train/Mask/279.npy
D:\challenge\data\ATLASR2.0\process\train/Image/28.npy,D:\challenge\data\ATLASR2.0\process\train/Mask/28.npy
D:\challenge\data\ATLASR2.0\process\train/Image/280.npy,D:\challenge\data\ATLASR2.0\process\train/Mask/280.npy
D:\challenge\data\ATLASR2.0\process\train/Image/281.npy,D:\challenge\data\ATLASR2.0\process\train/Mask/281.npy
D:\challenge\data\ATLASR2.0\process\train/Image/282.npy,D:\challenge\data\ATLASR2.0\process\train/Mask/282.npy
D:\challenge\data\ATLASR2.0\process\train/Image/283.npy,D:\challenge\data\ATLASR2.0\process\train/Mask/283.npy
D:\challenge\data\ATLASR2.0\process\train/Image/284.npy,D:\challenge\data\ATLASR2.0\process\train/Mask/284.npy
D:\challenge\data\ATLASR2.0\process\train/Image/285.npy,D:\challenge\data\ATLASR2.0\process\train/Mask/285.npy
D:\challenge\data\ATLASR2.0\process\train/Image/286.npy,D:\challenge\data\ATLASR2.0\process\train/Mask/286.npy
D:\challenge\data\ATLASR2.0\process\train/Image/287.npy,D:\challenge\data\ATLASR2.0\process\train/Mask/287.npy
D:\challenge\data\ATLASR2.0\process\train/Image/288.npy,D:\challenge\data\ATLASR2.0\process\train/Mask/288.npy
D:\challenge\data\ATLASR2.0\process\train/Image/289.npy,D:\challenge\data\ATLASR2.0\process\train/Mask/289.npy
D:\challenge\data\ATLASR2.0\process\train/Image/29.npy,D:\challenge\data\ATLASR2.0\process\train/Mask/29.npy
D:\challenge\data\ATLASR2.0\process\train/Image/290.npy,D:\challenge\data\ATLASR2.0\process\train/Mask/290.npy
D:\challenge\data\ATLASR2.0\process\train/Image/291.npy,D:\challenge\data\ATLASR2.0\process\train/Mask/291.npy
D:\challenge\data\ATLASR2.0\process\train/Image/292.npy,D:\challenge\data\ATLASR2.0\process\train/Mask/292.npy
D:\challenge\data\ATLASR2.0\process\train/Image/293.npy,D:\challenge\data\ATLASR2.0\process\train/Mask/293.npy
D:\challenge\data\ATLASR2.0\process\train/Image/294.npy,D:\challenge\data\ATLASR2.0\process\train/Mask/294.npy
D:\challenge\data\ATLASR2.0\process\train/Image/295.npy,D:\challenge\data\ATLASR2.0\process\train/Mask/295.npy
D:\challenge\data\ATLASR2.0\process\train/Image/296.npy,D:\challenge\data\ATLASR2.0\process\train/Mask/296.npy
D:\challenge\data\ATLASR2.0\process\train/Image/297.npy,D:\challenge\data\ATLASR2.0\process\train/Mask/297.npy
D:\challenge\data\ATLASR2.0\process\train/Image/298.npy,D:\challenge\data\ATLASR2.0\process\train/Mask/298.npy
D:\challenge\data\ATLASR2.0\process\train/Image/299.npy,D:\challenge\data\ATLASR2.0\process\train/Mask/299.npy
D:\challenge\data\ATLASR2.0\process\train/Image/3.npy,D:\challenge\data\ATLASR2.0\process\train/Mask/3.npy
D:\challenge\data\ATLASR2.0\process\train/Image/30.npy,D:\challenge\data\ATLASR2.0\process\train/Mask/30.npy
D:\challenge\data\ATLASR2.0\process\train/Image/300.npy,D:\challenge\data\ATLASR2.0\process\train/Mask/300.npy
D:\challenge\data\ATLASR2.0\process\train/Image/301.npy,D:\challenge\data\ATLASR2.0\process\train/Mask/301.npy
D:\challenge\data\ATLASR2.0\process\train/Image/302.npy,D:\challenge\data\ATLASR2.0\process\train/Mask/302.npy
D:\challenge\data\ATLASR2.0\process\train/Image/303.npy,D:\challenge\data\ATLASR2.0\process\train/Mask/303.npy
D:\challenge\data\ATLASR2.0\process\train/Image/304.npy,D:\challenge\data\ATLASR2.0\process\train/Mask/304.npy
D:\challenge\data\ATLASR2.0\process\train/Image/305.npy,D:\challenge\data\ATLASR2.0\process\train/Mask/305.npy
D:\challenge\data\ATLASR2.0\process\train/Image/306.npy,D:\challenge\data\ATLASR2.0\process\train/Mask/306.npy
D:\challenge\data\ATLASR2.0\process\train/Image/307.npy,D:\challenge\data\ATLASR2.0\process\train/Mask/307.npy
D:\challenge\data\ATLASR2.0\process\train/Image/308.npy,D:\challenge\data\ATLASR2.0\process\train/Mask/308.npy
D:\challenge\data\ATLASR2.0\process\train/Image/309.npy,D:\challenge\data\ATLASR2.0\process\train/Mask/309.npy
D:\challenge\data\ATLASR2.0\process\train/Image/31.npy,D:\challenge\data\ATLASR2.0\process\train/Mask/31.npy
D:\challenge\data\ATLASR2.0\process\train/Image/310.npy,D:\challenge\data\ATLASR2.0\process\train/Mask/310.npy
D:\challenge\data\ATLASR2.0\process\train/Image/311.npy,D:\challenge\data\ATLASR2.0\process\train/Mask/311.npy
D:\challenge\data\ATLASR2.0\process\train/Image/312.npy,D:\challenge\data\ATLASR2.0\process\train/Mask/312.npy
D:\challenge\data\ATLASR2.0\process\train/Image/313.npy,D:\challenge\data\ATLASR2.0\process\train/Mask/313.npy
D:\challenge\data\ATLASR2.0\process\train/Image/314.npy,D:\challenge\data\ATLASR2.0\process\train/Mask/314.npy
D:\challenge\data\ATLASR2.0\process\train/Image/315.npy,D:\challenge\data\ATLASR2.0\process\train/Mask/315.npy
D:\challenge\data\ATLASR2.0\process\train/Image/316.npy,D:\challenge\data\ATLASR2.0\process\train/Mask/316.npy
D:\challenge\data\ATLASR2.0\process\train/Image/317.npy,D:\challenge\data\ATLASR2.0\process\train/Mask/317.npy
D:\challenge\data\ATLASR2.0\process\train/Image/318.npy,D:\challenge\data\ATLASR2.0\process\train/Mask/318.npy
D:\challenge\data\ATLASR2.0\process\train/Image/319.npy,D:\challenge\data\ATLASR2.0\process\train/Mask/319.npy
D:\challenge\data\ATLASR2.0\process\train/Image/32.npy,D:\challenge\data\ATLASR2.0\process\train/Mask/32.npy
D:\challenge\data\ATLASR2.0\process\train/Image/320.npy,D:\challenge\data\ATLASR2.0\process\train/Mask/320.npy
D:\challenge\data\ATLASR2.0\process\train/Image/321.npy,D:\challenge\data\ATLASR2.0\process\train/Mask/321.npy
D:\challenge\data\ATLASR2.0\process\train/Image/322.npy,D:\challenge\data\ATLASR2.0\process\train/Mask/322.npy
D:\challenge\data\ATLASR2.0\process\train/Image/323.npy,D:\challenge\data\ATLASR2.0\process\train/Mask/323.npy
D:\challenge\data\ATLASR2.0\process\train/Image/324.npy,D:\challenge\data\ATLASR2.0\process\train/Mask/324.npy
D:\challenge\data\ATLASR2.0\process\train/Image/325.npy,D:\challenge\data\ATLASR2.0\process\train/Mask/325.npy
D:\challenge\data\ATLASR2.0\process\train/Image/326.npy,D:\challenge\data\ATLASR2.0\process\train/Mask/326.npy
D:\challenge\data\ATLASR2.0\process\train/Image/327.npy,D:\challenge\data\ATLASR2.0\process\train/Mask/327.npy
D:\challenge\data\ATLASR2.0\process\train/Image/328.npy,D:\challenge\data\ATLASR2.0\process\train/Mask/328.npy
D:\challenge\data\ATLASR2.0\process\train/Image/329.npy,D:\challenge\data\ATLASR2.0\process\train/Mask/329.npy
D:\challenge\data\ATLASR2.0\process\train/Image/33.npy,D:\challenge\data\ATLASR2.0\process\train/Mask/33.npy
D:\challenge\data\ATLASR2.0\process\train/Image/330.npy,D:\challenge\data\ATLASR2.0\process\train/Mask/330.npy
D:\challenge\data\ATLASR2.0\process\train/Image/331.npy,D:\challenge\data\ATLASR2.0\process\train/Mask/331.npy
D:\challenge\data\ATLASR2.0\process\train/Image/332.npy,D:\challenge\data\ATLASR2.0\process\train/Mask/332.npy
D:\challenge\data\ATLASR2.0\process\train/Image/333.npy,D:\challenge\data\ATLASR2.0\process\train/Mask/333.npy
D:\challenge\data\ATLASR2.0\process\train/Image/334.npy,D:\challenge\data\ATLASR2.0\process\train/Mask/334.npy
D:\challenge\data\ATLASR2.0\process\train/Image/335.npy,D:\challenge\data\ATLASR2.0\process\train/Mask/335.npy
D:\challenge\data\ATLASR2.0\process\train/Image/336.npy,D:\challenge\data\ATLASR2.0\process\train/Mask/336.npy
D:\challenge\data\ATLASR2.0\process\train/Image/337.npy,D:\challenge\data\ATLASR2.0\process\train/Mask/337.npy
D:\challenge\data\ATLASR2.0\process\train/Image/338.npy,D:\challenge\data\ATLASR2.0\process\train/Mask/338.npy
D:\challenge\data\ATLASR2.0\process\train/Image/339.npy,D:\challenge\data\ATLASR2.0\process\train/Mask/339.npy
D:\challenge\data\ATLASR2.0\process\train/Image/34.npy,D:\challenge\data\ATLASR2.0\process\train/Mask/34.npy
D:\challenge\data\ATLASR2.0\process\train/Image/340.npy,D:\challenge\data\ATLASR2.0\process\train/Mask/340.npy
D:\challenge\data\ATLASR2.0\process\train/Image/341.npy,D:\challenge\data\ATLASR2.0\process\train/Mask/341.npy
D:\challenge\data\ATLASR2.0\process\train/Image/342.npy,D:\challenge\data\ATLASR2.0\process\train/Mask/342.npy
D:\challenge\data\ATLASR2.0\process\train/Image/343.npy,D:\challenge\data\ATLASR2.0\process\train/Mask/343.npy
D:\challenge\data\ATLASR2.0\process\train/Image/344.npy,D:\challenge\data\ATLASR2.0\process\train/Mask/344.npy
D:\challenge\data\ATLASR2.0\process\train/Image/345.npy,D:\challenge\data\ATLASR2.0\process\train/Mask/345.npy
D:\challenge\data\ATLASR2.0\process\train/Image/346.npy,D:\challenge\data\ATLASR2.0\process\train/Mask/346.npy
D:\challenge\data\ATLASR2.0\process\train/Image/347.npy,D:\challenge\data\ATLASR2.0\process\train/Mask/347.npy
D:\challenge\data\ATLASR2.0\process\train/Image/348.npy,D:\challenge\data\ATLASR2.0\process\train/Mask/348.npy
D:\challenge\data\ATLASR2.0\process\train/Image/349.npy,D:\challenge\data\ATLASR2.0\process\train/Mask/349.npy
D:\challenge\data\ATLASR2.0\process\train/Image/35.npy,D:\challenge\data\ATLASR2.0\process\train/Mask/35.npy
D:\challenge\data\ATLASR2.0\process\train/Image/350.npy,D:\challenge\data\ATLASR2.0\process\train/Mask/350.npy
D:\challenge\data\ATLASR2.0\process\train/Image/351.npy,D:\challenge\data\ATLASR2.0\process\train/Mask/351.npy
D:\challenge\data\ATLASR2.0\process\train/Image/352.npy,D:\challenge\data\ATLASR2.0\process\train/Mask/352.npy
D:\challenge\data\ATLASR2.0\process\train/Image/353.npy,D:\challenge\data\ATLASR2.0\process\train/Mask/353.npy
D:\challenge\data\ATLASR2.0\process\train/Image/354.npy,D:\challenge\data\ATLASR2.0\process\train/Mask/354.npy
D:\challenge\data\ATLASR2.0\process\train/Image/355.npy,D:\challenge\data\ATLASR2.0\process\train/Mask/355.npy
D:\challenge\data\ATLASR2.0\process\train/Image/356.npy,D:\challenge\data\ATLASR2.0\process\train/Mask/356.npy
D:\challenge\data\ATLASR2.0\process\train/Image/357.npy,D:\challenge\data\ATLASR2.0\process\train/Mask/357.npy
D:\challenge\data\ATLASR2.0\process\train/Image/358.npy,D:\challenge\data\ATLASR2.0\process\train/Mask/358.npy
D:\challenge\data\ATLASR2.0\process\train/Image/359.npy,D:\challenge\data\ATLASR2.0\process\train/Mask/359.npy
D:\challenge\data\ATLASR2.0\process\train/Image/36.npy,D:\challenge\data\ATLASR2.0\process\train/Mask/36.npy
D:\challenge\data\ATLASR2.0\process\train/Image/360.npy,D:\challenge\data\ATLASR2.0\process\train/Mask/360.npy
D:\challenge\data\ATLASR2.0\process\train/Image/361.npy,D:\challenge\data\ATLASR2.0\process\train/Mask/361.npy
D:\challenge\data\ATLASR2.0\process\train/Image/362.npy,D:\challenge\data\ATLASR2.0\process\train/Mask/362.npy
D:\challenge\data\ATLASR2.0\process\train/Image/363.npy,D:\challenge\data\ATLASR2.0\process\train/Mask/363.npy
D:\challenge\data\ATLASR2.0\process\train/Image/364.npy,D:\challenge\data\ATLASR2.0\process\train/Mask/364.npy
D:\challenge\data\ATLASR2.0\process\train/Image/365.npy,D:\challenge\data\ATLASR2.0\process\train/Mask/365.npy
D:\challenge\data\ATLASR2.0\process\train/Image/366.npy,D:\challenge\data\ATLASR2.0\process\train/Mask/366.npy
D:\challenge\data\ATLASR2.0\process\train/Image/367.npy,D:\challenge\data\ATLASR2.0\process\train/Mask/367.npy
D:\challenge\data\ATLASR2.0\process\train/Image/368.npy,D:\challenge\data\ATLASR2.0\process\train/Mask/368.npy
D:\challenge\data\ATLASR2.0\process\train/Image/369.npy,D:\challenge\data\ATLASR2.0\process\train/Mask/369.npy
D:\challenge\data\ATLASR2.0\process\train/Image/37.npy,D:\challenge\data\ATLASR2.0\process\train/Mask/37.npy
D:\challenge\data\ATLASR2.0\process\train/Image/370.npy,D:\challenge\data\ATLASR2.0\process\train/Mask/370.npy
D:\challenge\data\ATLASR2.0\process\train/Image/371.npy,D:\challenge\data\ATLASR2.0\process\train/Mask/371.npy
D:\challenge\data\ATLASR2.0\process\train/Image/372.npy,D:\challenge\data\ATLASR2.0\process\train/Mask/372.npy
D:\challenge\data\ATLASR2.0\process\train/Image/373.npy,D:\challenge\data\ATLASR2.0\process\train/Mask/373.npy
D:\challenge\data\ATLASR2.0\process\train/Image/374.npy,D:\challenge\data\ATLASR2.0\process\train/Mask/374.npy
D:\challenge\data\ATLASR2.0\process\train/Image/375.npy,D:\challenge\data\ATLASR2.0\process\train/Mask/375.npy
D:\challenge\data\ATLASR2.0\process\train/Image/376.npy,D:\challenge\data\ATLASR2.0\process\train/Mask/376.npy
D:\challenge\data\ATLASR2.0\process\train/Image/377.npy,D:\challenge\data\ATLASR2.0\process\train/Mask/377.npy
D:\challenge\data\ATLASR2.0\process\train/Image/378.npy,D:\challenge\data\ATLASR2.0\process\train/Mask/378.npy
D:\challenge\data\ATLASR2.0\process\train/Image/379.npy,D:\challenge\data\ATLASR2.0\process\train/Mask/379.npy
D:\challenge\data\ATLASR2.0\process\train/Image/38.npy,D:\challenge\data\ATLASR2.0\process\train/Mask/38.npy
D:\challenge\data\ATLASR2.0\process\train/Image/380.npy,D:\challenge\data\ATLASR2.0\process\train/Mask/380.npy
D:\challenge\data\ATLASR2.0\process\train/Image/381.npy,D:\challenge\data\ATLASR2.0\process\train/Mask/381.npy
D:\challenge\data\ATLASR2.0\process\train/Image/382.npy,D:\challenge\data\ATLASR2.0\process\train/Mask/382.npy
D:\challenge\data\ATLASR2.0\process\train/Image/383.npy,D:\challenge\data\ATLASR2.0\process\train/Mask/383.npy
D:\challenge\data\ATLASR2.0\process\train/Image/384.npy,D:\challenge\data\ATLASR2.0\process\train/Mask/384.npy
D:\challenge\data\ATLASR2.0\process\train/Image/385.npy,D:\challenge\data\ATLASR2.0\process\train/Mask/385.npy
D:\challenge\data\ATLASR2.0\process\train/Image/386.npy,D:\challenge\data\ATLASR2.0\process\train/Mask/386.npy
D:\challenge\data\ATLASR2.0\process\train/Image/387.npy,D:\challenge\data\ATLASR2.0\process\train/Mask/387.npy
D:\challenge\data\ATLASR2.0\process\train/Image/388.npy,D:\challenge\data\ATLASR2.0\process\train/Mask/388.npy
D:\challenge\data\ATLASR2.0\process\train/Image/389.npy,D:\challenge\data\ATLASR2.0\process\train/Mask/389.npy
D:\challenge\data\ATLASR2.0\process\train/Image/39.npy,D:\challenge\data\ATLASR2.0\process\train/Mask/39.npy
D:\challenge\data\ATLASR2.0\process\train/Image/390.npy,D:\challenge\data\ATLASR2.0\process\train/Mask/390.npy
D:\challenge\data\ATLASR2.0\process\train/Image/391.npy,D:\challenge\data\ATLASR2.0\process\train/Mask/391.npy
D:\challenge\data\ATLASR2.0\process\train/Image/392.npy,D:\challenge\data\ATLASR2.0\process\train/Mask/392.npy
D:\challenge\data\ATLASR2.0\process\train/Image/393.npy,D:\challenge\data\ATLASR2.0\process\train/Mask/393.npy
D:\challenge\data\ATLASR2.0\process\train/Image/394.npy,D:\challenge\data\ATLASR2.0\process\train/Mask/394.npy
D:\challenge\data\ATLASR2.0\process\train/Image/395.npy,D:\challenge\data\ATLASR2.0\process\train/Mask/395.npy
D:\challenge\data\ATLASR2.0\process\train/Image/396.npy,D:\challenge\data\ATLASR2.0\process\train/Mask/396.npy
D:\challenge\data\ATLASR2.0\process\train/Image/397.npy,D:\challenge\data\ATLASR2.0\process\train/Mask/397.npy
D:\challenge\data\ATLASR2.0\process\train/Image/398.npy,D:\challenge\data\ATLASR2.0\process\train/Mask/398.npy
D:\challenge\data\ATLASR2.0\process\train/Image/399.npy,D:\challenge\data\ATLASR2.0\process\train/Mask/399.npy
D:\challenge\data\ATLASR2.0\process\train/Image/4.npy,D:\challenge\data\ATLASR2.0\process\train/Mask/4.npy
D:\challenge\data\ATLASR2.0\process\train/Image/40.npy,D:\challenge\data\ATLASR2.0\process\train/Mask/40.npy
D:\challenge\data\ATLASR2.0\process\train/Image/400.npy,D:\challenge\data\ATLASR2.0\process\train/Mask/400.npy
D:\challenge\data\ATLASR2.0\process\train/Image/401.npy,D:\challenge\data\ATLASR2.0\process\train/Mask/401.npy
D:\challenge\data\ATLASR2.0\process\train/Image/402.npy,D:\challenge\data\ATLASR2.0\process\train/Mask/402.npy
D:\challenge\data\ATLASR2.0\process\train/Image/403.npy,D:\challenge\data\ATLASR2.0\process\train/Mask/403.npy
D:\challenge\data\ATLASR2.0\process\train/Image/404.npy,D:\challenge\data\ATLASR2.0\process\train/Mask/404.npy
D:\challenge\data\ATLASR2.0\process\train/Image/405.npy,D:\challenge\data\ATLASR2.0\process\train/Mask/405.npy
D:\challenge\data\ATLASR2.0\process\train/Image/406.npy,D:\challenge\data\ATLASR2.0\process\train/Mask/406.npy
D:\challenge\data\ATLASR2.0\process\train/Image/407.npy,D:\challenge\data\ATLASR2.0\process\train/Mask/407.npy
D:\challenge\data\ATLASR2.0\process\train/Image/408.npy,D:\challenge\data\ATLASR2.0\process\train/Mask/408.npy
D:\challenge\data\ATLASR2.0\process\train/Image/409.npy,D:\challenge\data\ATLASR2.0\process\train/Mask/409.npy
D:\challenge\data\ATLASR2.0\process\train/Image/41.npy,D:\challenge\data\ATLASR2.0\process\train/Mask/41.npy
D:\challenge\data\ATLASR2.0\process\train/Image/410.npy,D:\challenge\data\ATLASR2.0\process\train/Mask/410.npy
D:\challenge\data\ATLASR2.0\process\train/Image/411.npy,D:\challenge\data\ATLASR2.0\process\train/Mask/411.npy
D:\challenge\data\ATLASR2.0\process\train/Image/412.npy,D:\challenge\data\ATLASR2.0\process\train/Mask/412.npy
D:\challenge\data\ATLASR2.0\process\train/Image/413.npy,D:\challenge\data\ATLASR2.0\process\train/Mask/413.npy
D:\challenge\data\ATLASR2.0\process\train/Image/414.npy,D:\challenge\data\ATLASR2.0\process\train/Mask/414.npy
D:\challenge\data\ATLASR2.0\process\train/Image/415.npy,D:\challenge\data\ATLASR2.0\process\train/Mask/415.npy
D:\challenge\data\ATLASR2.0\process\train/Image/416.npy,D:\challenge\data\ATLASR2.0\process\train/Mask/416.npy
D:\challenge\data\ATLASR2.0\process\train/Image/417.npy,D:\challenge\data\ATLASR2.0\process\train/Mask/417.npy
D:\challenge\data\ATLASR2.0\process\train/Image/418.npy,D:\challenge\data\ATLASR2.0\process\train/Mask/418.npy
D:\challenge\data\ATLASR2.0\process\train/Image/419.npy,D:\challenge\data\ATLASR2.0\process\train/Mask/419.npy
D:\challenge\data\ATLASR2.0\process\train/Image/42.npy,D:\challenge\data\ATLASR2.0\process\train/Mask/42.npy
D:\challenge\data\ATLASR2.0\process\train/Image/420.npy,D:\challenge\data\ATLASR2.0\process\train/Mask/420.npy
D:\challenge\data\ATLASR2.0\process\train/Image/421.npy,D:\challenge\data\ATLASR2.0\process\train/Mask/421.npy
D:\challenge\data\ATLASR2.0\process\train/Image/422.npy,D:\challenge\data\ATLASR2.0\process\train/Mask/422.npy
D:\challenge\data\ATLASR2.0\process\train/Image/423.npy,D:\challenge\data\ATLASR2.0\process\train/Mask/423.npy
D:\challenge\data\ATLASR2.0\process\train/Image/424.npy,D:\challenge\data\ATLASR2.0\process\train/Mask/424.npy
D:\challenge\data\ATLASR2.0\process\train/Image/425.npy,D:\challenge\data\ATLASR2.0\process\train/Mask/425.npy
D:\challenge\data\ATLASR2.0\process\train/Image/426.npy,D:\challenge\data\ATLASR2.0\process\train/Mask/426.npy
D:\challenge\data\ATLASR2.0\process\train/Image/427.npy,D:\challenge\data\ATLASR2.0\process\train/Mask/427.npy
D:\challenge\data\ATLASR2.0\process\train/Image/428.npy,D:\challenge\data\ATLASR2.0\process\train/Mask/428.npy
D:\challenge\data\ATLASR2.0\process\train/Image/429.npy,D:\challenge\data\ATLASR2.0\process\train/Mask/429.npy
D:\challenge\data\ATLASR2.0\process\train/Image/43.npy,D:\challenge\data\ATLASR2.0\process\train/Mask/43.npy
D:\challenge\data\ATLASR2.0\process\train/Image/430.npy,D:\challenge\data\ATLASR2.0\process\train/Mask/430.npy
D:\challenge\data\ATLASR2.0\process\train/Image/431.npy,D:\challenge\data\ATLASR2.0\process\train/Mask/431.npy
D:\challenge\data\ATLASR2.0\process\train/Image/432.npy,D:\challenge\data\ATLASR2.0\process\train/Mask/432.npy
D:\challenge\data\ATLASR2.0\process\train/Image/433.npy,D:\challenge\data\ATLASR2.0\process\train/Mask/433.npy
D:\challenge\data\ATLASR2.0\process\train/Image/434.npy,D:\challenge\data\ATLASR2.0\process\train/Mask/434.npy
D:\challenge\data\ATLASR2.0\process\train/Image/435.npy,D:\challenge\data\ATLASR2.0\process\train/Mask/435.npy
D:\challenge\data\ATLASR2.0\process\train/Image/436.npy,D:\challenge\data\ATLASR2.0\process\train/Mask/436.npy
D:\challenge\data\ATLASR2.0\process\train/Image/437.npy,D:\challenge\data\ATLASR2.0\process\train/Mask/437.npy
D:\challenge\data\ATLASR2.0\process\train/Image/438.npy,D:\challenge\data\ATLASR2.0\process\train/Mask/438.npy
D:\challenge\data\ATLASR2.0\process\train/Image/439.npy,D:\challenge\data\ATLASR2.0\process\train/Mask/439.npy
D:\challenge\data\ATLASR2.0\process\train/Image/44.npy,D:\challenge\data\ATLASR2.0\process\train/Mask/44.npy
D:\challenge\data\ATLASR2.0\process\train/Image/440.npy,D:\challenge\data\ATLASR2.0\process\train/Mask/440.npy
D:\challenge\data\ATLASR2.0\process\train/Image/441.npy,D:\challenge\data\ATLASR2.0\process\train/Mask/441.npy
D:\challenge\data\ATLASR2.0\process\train/Image/442.npy,D:\challenge\data\ATLASR2.0\process\train/Mask/442.npy
D:\challenge\data\ATLASR2.0\process\train/Image/443.npy,D:\challenge\data\ATLASR2.0\process\train/Mask/443.npy
D:\challenge\data\ATLASR2.0\process\train/Image/444.npy,D:\challenge\data\ATLASR2.0\process\train/Mask/444.npy
D:\challenge\data\ATLASR2.0\process\train/Image/445.npy,D:\challenge\data\ATLASR2.0\process\train/Mask/445.npy
D:\challenge\data\ATLASR2.0\process\train/Image/446.npy,D:\challenge\data\ATLASR2.0\process\train/Mask/446.npy
D:\challenge\data\ATLASR2.0\process\train/Image/447.npy,D:\challenge\data\ATLASR2.0\process\train/Mask/447.npy
D:\challenge\data\ATLASR2.0\process\train/Image/448.npy,D:\challenge\data\ATLASR2.0\process\train/Mask/448.npy
D:\challenge\data\ATLASR2.0\process\train/Image/449.npy,D:\challenge\data\ATLASR2.0\process\train/Mask/449.npy
D:\challenge\data\ATLASR2.0\process\train/Image/45.npy,D:\challenge\data\ATLASR2.0\process\train/Mask/45.npy
D:\challenge\data\ATLASR2.0\process\train/Image/450.npy,D:\challenge\data\ATLASR2.0\process\train/Mask/450.npy
D:\challenge\data\ATLASR2.0\process\train/Image/451.npy,D:\challenge\data\ATLASR2.0\process\train/Mask/451.npy
D:\challenge\data\ATLASR2.0\process\train/Image/452.npy,D:\challenge\data\ATLASR2.0\process\train/Mask/452.npy
D:\challenge\data\ATLASR2.0\process\train/Image/453.npy,D:\challenge\data\ATLASR2.0\process\train/Mask/453.npy
D:\challenge\data\ATLASR2.0\process\train/Image/454.npy,D:\challenge\data\ATLASR2.0\process\train/Mask/454.npy
D:\challenge\data\ATLASR2.0\process\train/Image/455.npy,D:\challenge\data\ATLASR2.0\process\train/Mask/455.npy
D:\challenge\data\ATLASR2.0\process\train/Image/456.npy,D:\challenge\data\ATLASR2.0\process\train/Mask/456.npy
D:\challenge\data\ATLASR2.0\process\train/Image/457.npy,D:\challenge\data\ATLASR2.0\process\train/Mask/457.npy
D:\challenge\data\ATLASR2.0\process\train/Image/458.npy,D:\challenge\data\ATLASR2.0\process\train/Mask/458.npy
D:\challenge\data\ATLASR2.0\process\train/Image/459.npy,D:\challenge\data\ATLASR2.0\process\train/Mask/459.npy
D:\challenge\data\ATLASR2.0\process\train/Image/46.npy,D:\challenge\data\ATLASR2.0\process\train/Mask/46.npy
D:\challenge\data\ATLASR2.0\process\train/Image/460.npy,D:\challenge\data\ATLASR2.0\process\train/Mask/460.npy
D:\challenge\data\ATLASR2.0\process\train/Image/461.npy,D:\challenge\data\ATLASR2.0\process\train/Mask/461.npy
D:\challenge\data\ATLASR2.0\process\train/Image/462.npy,D:\challenge\data\ATLASR2.0\process\train/Mask/462.npy
D:\challenge\data\ATLASR2.0\process\train/Image/463.npy,D:\challenge\data\ATLASR2.0\process\train/Mask/463.npy
D:\challenge\data\ATLASR2.0\process\train/Image/464.npy,D:\challenge\data\ATLASR2.0\process\train/Mask/464.npy
D:\challenge\data\ATLASR2.0\process\train/Image/465.npy,D:\challenge\data\ATLASR2.0\process\train/Mask/465.npy
D:\challenge\data\ATLASR2.0\process\train/Image/466.npy,D:\challenge\data\ATLASR2.0\process\train/Mask/466.npy
D:\challenge\data\ATLASR2.0\process\train/Image/467.npy,D:\challenge\data\ATLASR2.0\process\train/Mask/467.npy
D:\challenge\data\ATLASR2.0\process\train/Image/468.npy,D:\challenge\data\ATLASR2.0\process\train/Mask/468.npy
D:\challenge\data\ATLASR2.0\process\train/Image/469.npy,D:\challenge\data\ATLASR2.0\process\train/Mask/469.npy
D:\challenge\data\ATLASR2.0\process\train/Image/47.npy,D:\challenge\data\ATLASR2.0\process\train/Mask/47.npy
D:\challenge\data\ATLASR2.0\process\train/Image/470.npy,D:\challenge\data\ATLASR2.0\process\train/Mask/470.npy
D:\challenge\data\ATLASR2.0\process\train/Image/471.npy,D:\challenge\data\ATLASR2.0\process\train/Mask/471.npy
D:\challenge\data\ATLASR2.0\process\train/Image/472.npy,D:\challenge\data\ATLASR2.0\process\train/Mask/472.npy
D:\challenge\data\ATLASR2.0\process\train/Image/473.npy,D:\challenge\data\ATLASR2.0\process\train/Mask/473.npy
D:\challenge\data\ATLASR2.0\process\train/Image/474.npy,D:\challenge\data\ATLASR2.0\process\train/Mask/474.npy
D:\challenge\data\ATLASR2.0\process\train/Image/475.npy,D:\challenge\data\ATLASR2.0\process\train/Mask/475.npy
D:\challenge\data\ATLASR2.0\process\train/Image/476.npy,D:\challenge\data\ATLASR2.0\process\train/Mask/476.npy
D:\challenge\data\ATLASR2.0\process\train/Image/477.npy,D:\challenge\data\ATLASR2.0\process\train/Mask/477.npy
D:\challenge\data\ATLASR2.0\process\train/Image/478.npy,D:\challenge\data\ATLASR2.0\process\train/Mask/478.npy
D:\challenge\data\ATLASR2.0\process\train/Image/479.npy,D:\challenge\data\ATLASR2.0\process\train/Mask/479.npy
D:\challenge\data\ATLASR2.0\process\train/Image/48.npy,D:\challenge\data\ATLASR2.0\process\train/Mask/48.npy
D:\challenge\data\ATLASR2.0\process\train/Image/480.npy,D:\challenge\data\ATLASR2.0\process\train/Mask/480.npy
D:\challenge\data\ATLASR2.0\process\train/Image/481.npy,D:\challenge\data\ATLASR2.0\process\train/Mask/481.npy
D:\challenge\data\ATLASR2.0\process\train/Image/482.npy,D:\challenge\data\ATLASR2.0\process\train/Mask/482.npy
D:\challenge\data\ATLASR2.0\process\train/Image/483.npy,D:\challenge\data\ATLASR2.0\process\train/Mask/483.npy
D:\challenge\data\ATLASR2.0\process\train/Image/484.npy,D:\challenge\data\ATLASR2.0\process\train/Mask/484.npy
D:\challenge\data\ATLASR2.0\process\train/Image/485.npy,D:\challenge\data\ATLASR2.0\process\train/Mask/485.npy
D:\challenge\data\ATLASR2.0\process\train/Image/486.npy,D:\challenge\data\ATLASR2.0\process\train/Mask/486.npy
D:\challenge\data\ATLASR2.0\process\train/Image/487.npy,D:\challenge\data\ATLASR2.0\process\train/Mask/487.npy
D:\challenge\data\ATLASR2.0\process\train/Image/488.npy,D:\challenge\data\ATLASR2.0\process\train/Mask/488.npy
D:\challenge\data\ATLASR2.0\process\train/Image/489.npy,D:\challenge\data\ATLASR2.0\process\train/Mask/489.npy
D:\challenge\data\ATLASR2.0\process\train/Image/49.npy,D:\challenge\data\ATLASR2.0\process\train/Mask/49.npy
D:\challenge\data\ATLASR2.0\process\train/Image/490.npy,D:\challenge\data\ATLASR2.0\process\train/Mask/490.npy
D:\challenge\data\ATLASR2.0\process\train/Image/491.npy,D:\challenge\data\ATLASR2.0\process\train/Mask/491.npy
D:\challenge\data\ATLASR2.0\process\train/Image/492.npy,D:\challenge\data\ATLASR2.0\process\train/Mask/492.npy
D:\challenge\data\ATLASR2.0\process\train/Image/493.npy,D:\challenge\data\ATLASR2.0\process\train/Mask/493.npy
D:\challenge\data\ATLASR2.0\process\train/Image/494.npy,D:\challenge\data\ATLASR2.0\process\train/Mask/494.npy
D:\challenge\data\ATLASR2.0\process\train/Image/495.npy,D:\challenge\data\ATLASR2.0\process\train/Mask/495.npy
D:\challenge\data\ATLASR2.0\process\train/Image/496.npy,D:\challenge\data\ATLASR2.0\process\train/Mask/496.npy
D:\challenge\data\ATLASR2.0\process\train/Image/497.npy,D:\challenge\data\ATLASR2.0\process\train/Mask/497.npy
D:\challenge\data\ATLASR2.0\process\train/Image/498.npy,D:\challenge\data\ATLASR2.0\process\train/Mask/498.npy
D:\challenge\data\ATLASR2.0\process\train/Image/499.npy,D:\challenge\data\ATLASR2.0\process\train/Mask/499.npy
D:\challenge\data\ATLASR2.0\process\train/Image/5.npy,D:\challenge\data\ATLASR2.0\process\train/Mask/5.npy
D:\challenge\data\ATLASR2.0\process\train/Image/50.npy,D:\challenge\data\ATLASR2.0\process\train/Mask/50.npy
D:\challenge\data\ATLASR2.0\process\train/Image/500.npy,D:\challenge\data\ATLASR2.0\process\train/Mask/500.npy
D:\challenge\data\ATLASR2.0\process\train/Image/501.npy,D:\challenge\data\ATLASR2.0\process\train/Mask/501.npy
D:\challenge\data\ATLASR2.0\process\train/Image/502.npy,D:\challenge\data\ATLASR2.0\process\train/Mask/502.npy
D:\challenge\data\ATLASR2.0\process\train/Image/503.npy,D:\challenge\data\ATLASR2.0\process\train/Mask/503.npy
D:\challenge\data\ATLASR2.0\process\train/Image/504.npy,D:\challenge\data\ATLASR2.0\process\train/Mask/504.npy
D:\challenge\data\ATLASR2.0\process\train/Image/505.npy,D:\challenge\data\ATLASR2.0\process\train/Mask/505.npy
D:\challenge\data\ATLASR2.0\process\train/Image/506.npy,D:\challenge\data\ATLASR2.0\process\train/Mask/506.npy
D:\challenge\data\ATLASR2.0\process\train/Image/507.npy,D:\challenge\data\ATLASR2.0\process\train/Mask/507.npy
D:\challenge\data\ATLASR2.0\process\train/Image/508.npy,D:\challenge\data\ATLASR2.0\process\train/Mask/508.npy
D:\challenge\data\ATLASR2.0\process\train/Image/509.npy,D:\challenge\data\ATLASR2.0\process\train/Mask/509.npy
D:\challenge\data\ATLASR2.0\process\train/Image/51.npy,D:\challenge\data\ATLASR2.0\process\train/Mask/51.npy
D:\challenge\data\ATLASR2.0\process\train/Image/510.npy,D:\challenge\data\ATLASR2.0\process\train/Mask/510.npy
D:\challenge\data\ATLASR2.0\process\train/Image/511.npy,D:\challenge\data\ATLASR2.0\process\train/Mask/511.npy
D:\challenge\data\ATLASR2.0\process\train/Image/512.npy,D:\challenge\data\ATLASR2.0\process\train/Mask/512.npy
D:\challenge\data\ATLASR2.0\process\train/Image/513.npy,D:\challenge\data\ATLASR2.0\process\train/Mask/513.npy
D:\challenge\data\ATLASR2.0\process\train/Image/514.npy,D:\challenge\data\ATLASR2.0\process\train/Mask/514.npy
D:\challenge\data\ATLASR2.0\process\train/Image/515.npy,D:\challenge\data\ATLASR2.0\process\train/Mask/515.npy
D:\challenge\data\ATLASR2.0\process\train/Image/516.npy,D:\challenge\data\ATLASR2.0\process\train/Mask/516.npy
D:\challenge\data\ATLASR2.0\process\train/Image/517.npy,D:\challenge\data\ATLASR2.0\process\train/Mask/517.npy
D:\challenge\data\ATLASR2.0\process\train/Image/518.npy,D:\challenge\data\ATLASR2.0\process\train/Mask/518.npy
D:\challenge\data\ATLASR2.0\process\train/Image/519.npy,D:\challenge\data\ATLASR2.0\process\train/Mask/519.npy
D:\challenge\data\ATLASR2.0\process\train/Image/52.npy,D:\challenge\data\ATLASR2.0\process\train/Mask/52.npy
D:\challenge\data\ATLASR2.0\process\train/Image/520.npy,D:\challenge\data\ATLASR2.0\process\train/Mask/520.npy
D:\challenge\data\ATLASR2.0\process\train/Image/521.npy,D:\challenge\data\ATLASR2.0\process\train/Mask/521.npy
D:\challenge\data\ATLASR2.0\process\train/Image/522.npy,D:\challenge\data\ATLASR2.0\process\train/Mask/522.npy
D:\challenge\data\ATLASR2.0\process\train/Image/523.npy,D:\challenge\data\ATLASR2.0\process\train/Mask/523.npy
D:\challenge\data\ATLASR2.0\process\train/Image/524.npy,D:\challenge\data\ATLASR2.0\process\train/Mask/524.npy
D:\challenge\data\ATLASR2.0\process\train/Image/525.npy,D:\challenge\data\ATLASR2.0\process\train/Mask/525.npy
D:\challenge\data\ATLASR2.0\process\train/Image/526.npy,D:\challenge\data\ATLASR2.0\process\train/Mask/526.npy
D:\challenge\data\ATLASR2.0\process\train/Image/527.npy,D:\challenge\data\ATLASR2.0\process\train/Mask/527.npy
D:\challenge\data\ATLASR2.0\process\train/Image/528.npy,D:\challenge\data\ATLASR2.0\process\train/Mask/528.npy
D:\challenge\data\ATLASR2.0\process\train/Image/529.npy,D:\challenge\data\ATLASR2.0\process\train/Mask/529.npy
D:\challenge\data\ATLASR2.0\process\train/Image/53.npy,D:\challenge\data\ATLASR2.0\process\train/Mask/53.npy
D:\challenge\data\ATLASR2.0\process\train/Image/530.npy,D:\challenge\data\ATLASR2.0\process\train/Mask/530.npy
D:\challenge\data\ATLASR2.0\process\train/Image/531.npy,D:\challenge\data\ATLASR2.0\process\train/Mask/531.npy
D:\challenge\data\ATLASR2.0\process\train/Image/532.npy,D:\challenge\data\ATLASR2.0\process\train/Mask/532.npy
D:\challenge\data\ATLASR2.0\process\train/Image/533.npy,D:\challenge\data\ATLASR2.0\process\train/Mask/533.npy
D:\challenge\data\ATLASR2.0\process\train/Image/534.npy,D:\challenge\data\ATLASR2.0\process\train/Mask/534.npy
D:\challenge\data\ATLASR2.0\process\train/Image/535.npy,D:\challenge\data\ATLASR2.0\process\train/Mask/535.npy
D:\challenge\data\ATLASR2.0\process\train/Image/536.npy,D:\challenge\data\ATLASR2.0\process\train/Mask/536.npy
D:\challenge\data\ATLASR2.0\process\train/Image/537.npy,D:\challenge\data\ATLASR2.0\process\train/Mask/537.npy
D:\challenge\data\ATLASR2.0\process\train/Image/538.npy,D:\challenge\data\ATLASR2.0\process\train/Mask/538.npy
D:\challenge\data\ATLASR2.0\process\train/Image/539.npy,D:\challenge\data\ATLASR2.0\process\train/Mask/539.npy
D:\challenge\data\ATLASR2.0\process\train/Image/54.npy,D:\challenge\data\ATLASR2.0\process\train/Mask/54.npy
D:\challenge\data\ATLASR2.0\process\train/Image/540.npy,D:\challenge\data\ATLASR2.0\process\train/Mask/540.npy
D:\challenge\data\ATLASR2.0\process\train/Image/541.npy,D:\challenge\data\ATLASR2.0\process\train/Mask/541.npy
D:\challenge\data\ATLASR2.0\process\train/Image/542.npy,D:\challenge\data\ATLASR2.0\process\train/Mask/542.npy
D:\challenge\data\ATLASR2.0\process\train/Image/543.npy,D:\challenge\data\ATLASR2.0\process\train/Mask/543.npy
D:\challenge\data\ATLASR2.0\process\train/Image/544.npy,D:\challenge\data\ATLASR2.0\process\train/Mask/544.npy
D:\challenge\data\ATLASR2.0\process\train/Image/545.npy,D:\challenge\data\ATLASR2.0\process\train/Mask/545.npy
D:\challenge\data\ATLASR2.0\process\train/Image/546.npy,D:\challenge\data\ATLASR2.0\process\train/Mask/546.npy
D:\challenge\data\ATLASR2.0\process\train/Image/547.npy,D:\challenge\data\ATLASR2.0\process\train/Mask/547.npy
D:\challenge\data\ATLASR2.0\process\train/Image/548.npy,D:\challenge\data\ATLASR2.0\process\train/Mask/548.npy
D:\challenge\data\ATLASR2.0\process\train/Image/549.npy,D:\challenge\data\ATLASR2.0\process\train/Mask/549.npy
D:\challenge\data\ATLASR2.0\process\train/Image/55.npy,D:\challenge\data\ATLASR2.0\process\train/Mask/55.npy
D:\challenge\data\ATLASR2.0\process\train/Image/550.npy,D:\challenge\data\ATLASR2.0\process\train/Mask/550.npy
D:\challenge\data\ATLASR2.0\process\train/Image/551.npy,D:\challenge\data\ATLASR2.0\process\train/Mask/551.npy
D:\challenge\data\ATLASR2.0\process\train/Image/552.npy,D:\challenge\data\ATLASR2.0\process\train/Mask/552.npy
D:\challenge\data\ATLASR2.0\process\train/Image/553.npy,D:\challenge\data\ATLASR2.0\process\train/Mask/553.npy
D:\challenge\data\ATLASR2.0\process\train/Image/554.npy,D:\challenge\data\ATLASR2.0\process\train/Mask/554.npy
D:\challenge\data\ATLASR2.0\process\train/Image/555.npy,D:\challenge\data\ATLASR2.0\process\train/Mask/555.npy
D:\challenge\data\ATLASR2.0\process\train/Image/556.npy,D:\challenge\data\ATLASR2.0\process\train/Mask/556.npy
D:\challenge\data\ATLASR2.0\process\train/Image/557.npy,D:\challenge\data\ATLASR2.0\process\train/Mask/557.npy
D:\challenge\data\ATLASR2.0\process\train/Image/558.npy,D:\challenge\data\ATLASR2.0\process\train/Mask/558.npy
D:\challenge\data\ATLASR2.0\process\train/Image/559.npy,D:\challenge\data\ATLASR2.0\process\train/Mask/559.npy
D:\challenge\data\ATLASR2.0\process\train/Image/56.npy,D:\challenge\data\ATLASR2.0\process\train/Mask/56.npy
D:\challenge\data\ATLASR2.0\process\train/Image/560.npy,D:\challenge\data\ATLASR2.0\process\train/Mask/560.npy
D:\challenge\data\ATLASR2.0\process\train/Image/561.npy,D:\challenge\data\ATLASR2.0\process\train/Mask/561.npy
D:\challenge\data\ATLASR2.0\process\train/Image/562.npy,D:\challenge\data\ATLASR2.0\process\train/Mask/562.npy
D:\challenge\data\ATLASR2.0\process\train/Image/563.npy,D:\challenge\data\ATLASR2.0\process\train/Mask/563.npy
D:\challenge\data\ATLASR2.0\process\train/Image/564.npy,D:\challenge\data\ATLASR2.0\process\train/Mask/564.npy
D:\challenge\data\ATLASR2.0\process\train/Image/565.npy,D:\challenge\data\ATLASR2.0\process\train/Mask/565.npy
D:\challenge\data\ATLASR2.0\process\train/Image/566.npy,D:\challenge\data\ATLASR2.0\process\train/Mask/566.npy
D:\challenge\data\ATLASR2.0\process\train/Image/567.npy,D:\challenge\data\ATLASR2.0\process\train/Mask/567.npy
D:\challenge\data\ATLASR2.0\process\train/Image/568.npy,D:\challenge\data\ATLASR2.0\process\train/Mask/568.npy
D:\challenge\data\ATLASR2.0\process\train/Image/569.npy,D:\challenge\data\ATLASR2.0\process\train/Mask/569.npy
D:\challenge\data\ATLASR2.0\process\train/Image/57.npy,D:\challenge\data\ATLASR2.0\process\train/Mask/57.npy
D:\challenge\data\ATLASR2.0\process\train/Image/570.npy,D:\challenge\data\ATLASR2.0\process\train/Mask/570.npy
D:\challenge\data\ATLASR2.0\process\train/Image/571.npy,D:\challenge\data\ATLASR2.0\process\train/Mask/571.npy
D:\challenge\data\ATLASR2.0\process\train/Image/572.npy,D:\challenge\data\ATLASR2.0\process\train/Mask/572.npy
D:\challenge\data\ATLASR2.0\process\train/Image/573.npy,D:\challenge\data\ATLASR2.0\process\train/Mask/573.npy
D:\challenge\data\ATLASR2.0\process\train/Image/574.npy,D:\challenge\data\ATLASR2.0\process\train/Mask/574.npy
D:\challenge\data\ATLASR2.0\process\train/Image/575.npy,D:\challenge\data\ATLASR2.0\process\train/Mask/575.npy
D:\challenge\data\ATLASR2.0\process\train/Image/576.npy,D:\challenge\data\ATLASR2.0\process\train/Mask/576.npy
D:\challenge\data\ATLASR2.0\process\train/Image/577.npy,D:\challenge\data\ATLASR2.0\process\train/Mask/577.npy
D:\challenge\data\ATLASR2.0\process\train/Image/578.npy,D:\challenge\data\ATLASR2.0\process\train/Mask/578.npy
D:\challenge\data\ATLASR2.0\process\train/Image/579.npy,D:\challenge\data\ATLASR2.0\process\train/Mask/579.npy
D:\challenge\data\ATLASR2.0\process\train/Image/58.npy,D:\challenge\data\ATLASR2.0\process\train/Mask/58.npy
D:\challenge\data\ATLASR2.0\process\train/Image/580.npy,D:\challenge\data\ATLASR2.0\process\train/Mask/580.npy
D:\challenge\data\ATLASR2.0\process\train/Image/581.npy,D:\challenge\data\ATLASR2.0\process\train/Mask/581.npy
D:\challenge\data\ATLASR2.0\process\train/Image/582.npy,D:\challenge\data\ATLASR2.0\process\train/Mask/582.npy
D:\challenge\data\ATLASR2.0\process\train/Image/583.npy,D:\challenge\data\ATLASR2.0\process\train/Mask/583.npy
D:\challenge\data\ATLASR2.0\process\train/Image/584.npy,D:\challenge\data\ATLASR2.0\process\train/Mask/584.npy
D:\challenge\data\ATLASR2.0\process\train/Image/585.npy,D:\challenge\data\ATLASR2.0\process\train/Mask/585.npy
D:\challenge\data\ATLASR2.0\process\train/Image/586.npy,D:\challenge\data\ATLASR2.0\process\train/Mask/586.npy
D:\challenge\data\ATLASR2.0\process\train/Image/587.npy,D:\challenge\data\ATLASR2.0\process\train/Mask/587.npy
D:\challenge\data\ATLASR2.0\process\train/Image/588.npy,D:\challenge\data\ATLASR2.0\process\train/Mask/588.npy
D:\challenge\data\ATLASR2.0\process\train/Image/589.npy,D:\challenge\data\ATLASR2.0\process\train/Mask/589.npy
D:\challenge\data\ATLASR2.0\process\train/Image/59.npy,D:\challenge\data\ATLASR2.0\process\train/Mask/59.npy
D:\challenge\data\ATLASR2.0\process\train/Image/590.npy,D:\challenge\data\ATLASR2.0\process\train/Mask/590.npy
D:\challenge\data\ATLASR2.0\process\train/Image/591.npy,D:\challenge\data\ATLASR2.0\process\train/Mask/591.npy
D:\challenge\data\ATLASR2.0\process\train/Image/592.npy,D:\challenge\data\ATLASR2.0\process\train/Mask/592.npy
D:\challenge\data\ATLASR2.0\process\train/Image/593.npy,D:\challenge\data\ATLASR2.0\process\train/Mask/593.npy
D:\challenge\data\ATLASR2.0\process\train/Image/594.npy,D:\challenge\data\ATLASR2.0\process\train/Mask/594.npy
D:\challenge\data\ATLASR2.0\process\train/Image/595.npy,D:\challenge\data\ATLASR2.0\process\train/Mask/595.npy
D:\challenge\data\ATLASR2.0\process\train/Image/596.npy,D:\challenge\data\ATLASR2.0\process\train/Mask/596.npy
D:\challenge\data\ATLASR2.0\process\train/Image/597.npy,D:\challenge\data\ATLASR2.0\process\train/Mask/597.npy
D:\challenge\data\ATLASR2.0\process\train/Image/598.npy,D:\challenge\data\ATLASR2.0\process\train/Mask/598.npy
D:\challenge\data\ATLASR2.0\process\train/Image/599.npy,D:\challenge\data\ATLASR2.0\process\train/Mask/599.npy
D:\challenge\data\ATLASR2.0\process\train/Image/6.npy,D:\challenge\data\ATLASR2.0\process\train/Mask/6.npy
D:\challenge\data\ATLASR2.0\process\train/Image/60.npy,D:\challenge\data\ATLASR2.0\process\train/Mask/60.npy
D:\challenge\data\ATLASR2.0\process\train/Image/600.npy,D:\challenge\data\ATLASR2.0\process\train/Mask/600.npy
D:\challenge\data\ATLASR2.0\process\train/Image/601.npy,D:\challenge\data\ATLASR2.0\process\train/Mask/601.npy
D:\challenge\data\ATLASR2.0\process\train/Image/602.npy,D:\challenge\data\ATLASR2.0\process\train/Mask/602.npy
D:\challenge\data\ATLASR2.0\process\train/Image/603.npy,D:\challenge\data\ATLASR2.0\process\train/Mask/603.npy
D:\challenge\data\ATLASR2.0\process\train/Image/604.npy,D:\challenge\data\ATLASR2.0\process\train/Mask/604.npy
D:\challenge\data\ATLASR2.0\process\train/Image/605.npy,D:\challenge\data\ATLASR2.0\process\train/Mask/605.npy
D:\challenge\data\ATLASR2.0\process\train/Image/606.npy,D:\challenge\data\ATLASR2.0\process\train/Mask/606.npy
D:\challenge\data\ATLASR2.0\process\train/Image/607.npy,D:\challenge\data\ATLASR2.0\process\train/Mask/607.npy
D:\challenge\data\ATLASR2.0\process\train/Image/608.npy,D:\challenge\data\ATLASR2.0\process\train/Mask/608.npy
D:\challenge\data\ATLASR2.0\process\train/Image/609.npy,D:\challenge\data\ATLASR2.0\process\train/Mask/609.npy
D:\challenge\data\ATLASR2.0\process\train/Image/61.npy,D:\challenge\data\ATLASR2.0\process\train/Mask/61.npy
D:\challenge\data\ATLASR2.0\process\train/Image/610.npy,D:\challenge\data\ATLASR2.0\process\train/Mask/610.npy
D:\challenge\data\ATLASR2.0\process\train/Image/611.npy,D:\challenge\data\ATLASR2.0\process\train/Mask/611.npy
D:\challenge\data\ATLASR2.0\process\train/Image/612.npy,D:\challenge\data\ATLASR2.0\process\train/Mask/612.npy
D:\challenge\data\ATLASR2.0\process\train/Image/613.npy,D:\challenge\data\ATLASR2.0\process\train/Mask/613.npy
D:\challenge\data\ATLASR2.0\process\train/Image/614.npy,D:\challenge\data\ATLASR2.0\process\train/Mask/614.npy
D:\challenge\data\ATLASR2.0\process\train/Image/615.npy,D:\challenge\data\ATLASR2.0\process\train/Mask/615.npy
D:\challenge\data\ATLASR2.0\process\train/Image/616.npy,D:\challenge\data\ATLASR2.0\process\train/Mask/616.npy
D:\challenge\data\ATLASR2.0\process\train/Image/617.npy,D:\challenge\data\ATLASR2.0\process\train/Mask/617.npy
D:\challenge\data\ATLASR2.0\process\train/Image/618.npy,D:\challenge\data\ATLASR2.0\process\train/Mask/618.npy
D:\challenge\data\ATLASR2.0\process\train/Image/619.npy,D:\challenge\data\ATLASR2.0\process\train/Mask/619.npy
D:\challenge\data\ATLASR2.0\process\train/Image/62.npy,D:\challenge\data\ATLASR2.0\process\train/Mask/62.npy
D:\challenge\data\ATLASR2.0\process\train/Image/620.npy,D:\challenge\data\ATLASR2.0\process\train/Mask/620.npy
D:\challenge\data\ATLASR2.0\process\train/Image/621.npy,D:\challenge\data\ATLASR2.0\process\train/Mask/621.npy
D:\challenge\data\ATLASR2.0\process\train/Image/622.npy,D:\challenge\data\ATLASR2.0\process\train/Mask/622.npy
D:\challenge\data\ATLASR2.0\process\train/Image/623.npy,D:\challenge\data\ATLASR2.0\process\train/Mask/623.npy
D:\challenge\data\ATLASR2.0\process\train/Image/624.npy,D:\challenge\data\ATLASR2.0\process\train/Mask/624.npy
D:\challenge\data\ATLASR2.0\process\train/Image/625.npy,D:\challenge\data\ATLASR2.0\process\train/Mask/625.npy
D:\challenge\data\ATLASR2.0\process\train/Image/626.npy,D:\challenge\data\ATLASR2.0\process\train/Mask/626.npy
D:\challenge\data\ATLASR2.0\process\train/Image/627.npy,D:\challenge\data\ATLASR2.0\process\train/Mask/627.npy
D:\challenge\data\ATLASR2.0\process\train/Image/628.npy,D:\challenge\data\ATLASR2.0\process\train/Mask/628.npy
D:\challenge\data\ATLASR2.0\process\train/Image/629.npy,D:\challenge\data\ATLASR2.0\process\train/Mask/629.npy
D:\challenge\data\ATLASR2.0\process\train/Image/63.npy,D:\challenge\data\ATLASR2.0\process\train/Mask/63.npy
D:\challenge\data\ATLASR2.0\process\train/Image/630.npy,D:\challenge\data\ATLASR2.0\process\train/Mask/630.npy
D:\challenge\data\ATLASR2.0\process\train/Image/631.npy,D:\challenge\data\ATLASR2.0\process\train/Mask/631.npy
D:\challenge\data\ATLASR2.0\process\train/Image/632.npy,D:\challenge\data\ATLASR2.0\process\train/Mask/632.npy
D:\challenge\data\ATLASR2.0\process\train/Image/633.npy,D:\challenge\data\ATLASR2.0\process\train/Mask/633.npy
D:\challenge\data\ATLASR2.0\process\train/Image/634.npy,D:\challenge\data\ATLASR2.0\process\train/Mask/634.npy
D:\challenge\data\ATLASR2.0\process\train/Image/635.npy,D:\challenge\data\ATLASR2.0\process\train/Mask/635.npy
D:\challenge\data\ATLASR2.0\process\train/Image/636.npy,D:\challenge\data\ATLASR2.0\process\train/Mask/636.npy
D:\challenge\data\ATLASR2.0\process\train/Image/637.npy,D:\challenge\data\ATLASR2.0\process\train/Mask/637.npy
D:\challenge\data\ATLASR2.0\process\train/Image/638.npy,D:\challenge\data\ATLASR2.0\process\train/Mask/638.npy
D:\challenge\data\ATLASR2.0\process\train/Image/639.npy,D:\challenge\data\ATLASR2.0\process\train/Mask/639.npy
D:\challenge\data\ATLASR2.0\process\train/Image/64.npy,D:\challenge\data\ATLASR2.0\process\train/Mask/64.npy
D:\challenge\data\ATLASR2.0\process\train/Image/640.npy,D:\challenge\data\ATLASR2.0\process\train/Mask/640.npy
D:\challenge\data\ATLASR2.0\process\train/Image/641.npy,D:\challenge\data\ATLASR2.0\process\train/Mask/641.npy
D:\challenge\data\ATLASR2.0\process\train/Image/642.npy,D:\challenge\data\ATLASR2.0\process\train/Mask/642.npy
D:\challenge\data\ATLASR2.0\process\train/Image/643.npy,D:\challenge\data\ATLASR2.0\process\train/Mask/643.npy
D:\challenge\data\ATLASR2.0\process\train/Image/644.npy,D:\challenge\data\ATLASR2.0\process\train/Mask/644.npy
D:\challenge\data\ATLASR2.0\process\train/Image/65.npy,D:\challenge\data\ATLASR2.0\process\train/Mask/65.npy
D:\challenge\data\ATLASR2.0\process\train/Image/66.npy,D:\challenge\data\ATLASR2.0\process\train/Mask/66.npy
D:\challenge\data\ATLASR2.0\process\train/Image/67.npy,D:\challenge\data\ATLASR2.0\process\train/Mask/67.npy
D:\challenge\data\ATLASR2.0\process\train/Image/68.npy,D:\challenge\data\ATLASR2.0\process\train/Mask/68.npy
D:\challenge\data\ATLASR2.0\process\train/Image/69.npy,D:\challenge\data\ATLASR2.0\process\train/Mask/69.npy
D:\challenge\data\ATLASR2.0\process\train/Image/7.npy,D:\challenge\data\ATLASR2.0\process\train/Mask/7.npy
D:\challenge\data\ATLASR2.0\process\train/Image/70.npy,D:\challenge\data\ATLASR2.0\process\train/Mask/70.npy
D:\challenge\data\ATLASR2.0\process\train/Image/71.npy,D:\challenge\data\ATLASR2.0\process\train/Mask/71.npy
D:\challenge\data\ATLASR2.0\process\train/Image/72.npy,D:\challenge\data\ATLASR2.0\process\train/Mask/72.npy
D:\challenge\data\ATLASR2.0\process\train/Image/73.npy,D:\challenge\data\ATLASR2.0\process\train/Mask/73.npy
D:\challenge\data\ATLASR2.0\process\train/Image/74.npy,D:\challenge\data\ATLASR2.0\process\train/Mask/74.npy
D:\challenge\data\ATLASR2.0\process\train/Image/75.npy,D:\challenge\data\ATLASR2.0\process\train/Mask/75.npy
D:\challenge\data\ATLASR2.0\process\train/Image/76.npy,D:\challenge\data\ATLASR2.0\process\train/Mask/76.npy
D:\challenge\data\ATLASR2.0\process\train/Image/77.npy,D:\challenge\data\ATLASR2.0\process\train/Mask/77.npy
D:\challenge\data\ATLASR2.0\process\train/Image/78.npy,D:\challenge\data\ATLASR2.0\process\train/Mask/78.npy
D:\challenge\data\ATLASR2.0\process\train/Image/79.npy,D:\challenge\data\ATLASR2.0\process\train/Mask/79.npy
D:\challenge\data\ATLASR2.0\process\train/Image/8.npy,D:\challenge\data\ATLASR2.0\process\train/Mask/8.npy
D:\challenge\data\ATLASR2.0\process\train/Image/80.npy,D:\challenge\data\ATLASR2.0\process\train/Mask/80.npy
D:\challenge\data\ATLASR2.0\process\train/Image/81.npy,D:\challenge\data\ATLASR2.0\process\train/Mask/81.npy
D:\challenge\data\ATLASR2.0\process\train/Image/82.npy,D:\challenge\data\ATLASR2.0\process\train/Mask/82.npy
D:\challenge\data\ATLASR2.0\process\train/Image/83.npy,D:\challenge\data\ATLASR2.0\process\train/Mask/83.npy
D:\challenge\data\ATLASR2.0\process\train/Image/84.npy,D:\challenge\data\ATLASR2.0\process\train/Mask/84.npy
D:\challenge\data\ATLASR2.0\process\train/Image/85.npy,D:\challenge\data\ATLASR2.0\process\train/Mask/85.npy
D:\challenge\data\ATLASR2.0\process\train/Image/86.npy,D:\challenge\data\ATLASR2.0\process\train/Mask/86.npy
D:\challenge\data\ATLASR2.0\process\train/Image/87.npy,D:\challenge\data\ATLASR2.0\process\train/Mask/87.npy
D:\challenge\data\ATLASR2.0\process\train/Image/88.npy,D:\challenge\data\ATLASR2.0\process\train/Mask/88.npy
D:\challenge\data\ATLASR2.0\process\train/Image/89.npy,D:\challenge\data\ATLASR2.0\process\train/Mask/89.npy
D:\challenge\data\ATLASR2.0\process\train/Image/9.npy,D:\challenge\data\ATLASR2.0\process\train/Mask/9.npy
D:\challenge\data\ATLASR2.0\process\train/Image/90.npy,D:\challenge\data\ATLASR2.0\process\train/Mask/90.npy
D:\challenge\data\ATLASR2.0\process\train/Image/91.npy,D:\challenge\data\ATLASR2.0\process\train/Mask/91.npy
D:\challenge\data\ATLASR2.0\process\train/Image/92.npy,D:\challenge\data\ATLASR2.0\process\train/Mask/92.npy
D:\challenge\data\ATLASR2.0\process\train/Image/93.npy,D:\challenge\data\ATLASR2.0\process\train/Mask/93.npy
D:\challenge\data\ATLASR2.0\process\train/Image/94.npy,D:\challenge\data\ATLASR2.0\process\train/Mask/94.npy
D:\challenge\data\ATLASR2.0\process\train/Image/95.npy,D:\challenge\data\ATLASR2.0\process\train/Mask/95.npy
D:\challenge\data\ATLASR2.0\process\train/Image/96.npy,D:\challenge\data\ATLASR2.0\process\train/Mask/96.npy
D:\challenge\data\ATLASR2.0\process\train/Image/97.npy,D:\challenge\data\ATLASR2.0\process\train/Mask/97.npy
D:\challenge\data\ATLASR2.0\process\train/Image/98.npy,D:\challenge\data\ATLASR2.0\process\train/Mask/98.npy
D:\challenge\data\ATLASR2.0\process\train/Image/99.npy,D:\challenge\data\ATLASR2.0\process\train/Mask/99.npy
